step,pair_number,starting_floor,desired_floor
17,0,0,1
27,0,5,0
36,0,3,0
42,0,4,0
45,0,0,5
48,0,0,1
51,0,0,8
84,0,7,0
116,0,8,0
118,0,5,0
124,0,1,0
148,0,9,0
154,0,10,0
156,0,0,4
157,0,0,4
163,0,0,6
166,0,0,4
173,0,0,9
186,0,6,0
188,0,6,0
189,0,0,1
191,0,2,0
195,0,7,0
220,0,0,6
240,0,1,0
267,0,10,0
280,0,0,6
282,0,0,4
283,0,4,0
292,0,0,1
311,0,0,5
348,0,0,7
361,0,6,0
362,0,2,0
363,0,0,3
370,0,0,10
374,0,9,0
380,0,0,9
384,0,3,0
406,0,0,1
412,0,8,0
424,0,1,0
431,0,0,9
435,0,0,2
455,0,0,10
459,0,4,0
469,0,6,0
470,0,5,0
482,0,0,2
485,0,9,0
488,0,0,8
527,0,0,4
554,0,0,9
571,0,8,0
573,0,0,3
589,0,9,0
598,0,6,0
627,0,0,10
639,0,0,10
646,0,7,0
655,0,5,0
660,0,0,9
662,0,0,4
680,0,0,4
700,0,0,2
701,0,7,0
707,0,6,0
729,0,0,7
758,0,0,4
761,0,4,0
771,0,7,0
781,0,9,0
796,0,8,0
803,0,8,0
806,0,0,3
814,0,7,0
820,0,0,10
864,0,0,3
870,0,0,10
874,0,4,0
886,0,5,0
926,0,0,4
932,0,0,9
940,0,1,0
949,0,0,9
950,0,0,5
954,0,0,2
955,0,0,9
961,0,0,8
964,0,10,0
997,0,0,4
1002,0,0,1
1005,0,0,3
1029,0,9,0
1039,0,10,0
1042,0,8,0
1055,0,0,4
1079,0,8,0
1080,0,9,0
1082,0,0,6
1102,0,0,10
1103,0,0,9
1161,0,2,0
1171,0,4,0
1177,0,6,0
1184,0,0,4
1188,0,5,0
1195,0,4,0
1197,0,2,0
1201,0,6,0
1207,0,9,0
1259,0,0,9
1260,0,0,9
1264,0,2,0
1272,0,7,0
1279,0,0,6
1283,0,0,2
1290,0,0,8
1291,0,0,3
1292,0,7,0
1296,0,0,10
1314,0,10,0
1321,0,4,0
1327,0,0,2
1331,0,0,8
1334,0,0,5
1354,0,0,1
1360,0,0,4
1372,0,3,0
1380,0,0,7
1406,0,5,0
1422,0,0,7
1463,0,6,0
1489,0,0,6
1490,0,0,5
1494,0,0,8
1500,0,4,0
1511,0,5,0
1517,0,0,4
1552,0,0,2
1561,0,10,0
1580,0,10,0
1598,0,0,2
1600,0,0,8
1624,0,0,10
1635,0,0,8
1636,0,0,9
1663,0,0,8
1669,0,3,0
1691,0,0,1
1694,0,0,7
1700,0,8,0
1724,0,1,0
1726,0,4,0
1734,0,4,0
1742,0,10,0
1747,0,0,5
1748,0,0,5
1757,0,8,0
1809,0,0,3
1826,0,0,3
1827,0,5,0
1857,0,3,0
1862,0,0,2
1877,0,10,0
1879,0,2,0
1883,0,0,1
1886,0,8,0
1922,0,7,0
1925,0,0,3
1926,0,8,0
1937,0,5,0
1942,0,3,0
1957,0,4,0
1965,0,0,7
1986,0,2,0
1989,0,8,0
1991,0,5,0
1992,0,1,0
2000,0,0,10
2001,0,7,0
2010,0,0,1
2026,0,7,0
2028,0,0,10
2033,0,0,8
2057,0,3,0
2058,0,5,0
2063,0,2,0
2067,0,5,0
2073,0,0,2
2090,0,0,7
2091,0,0,6
2092,0,5,0
2106,0,0,3
2107,0,6,0
2130,0,7,0
2141,0,0,2
2161,0,10,0
2167,0,10,0
2170,0,0,1
2172,0,1,0
2193,0,3,0
2211,0,5,0
2231,0,10,0
2247,0,0,3
2251,0,8,0
2274,0,0,4
2275,0,0,3
2277,0,0,10
2282,0,0,4
2293,0,7,0
2296,0,0,3
2299,0,6,0
2300,0,9,0
2320,0,0,9
2343,0,6,0
2354,0,5,0
2392,0,5,0
2403,0,0,9
2413,0,1,0
2414,0,10,0
2417,0,0,8
2428,0,10,0
2435,0,6,0
2437,0,0,2
2463,0,0,6
2476,0,2,0
2488,0,8,0
2490,0,1,0
2515,0,0,4
2522,0,0,9
2533,0,1,0
2550,0,6,0
2571,0,9,0
2583,0,5,0
2607,0,0,7
2619,0,0,10
2627,0,0,7
2638,0,10,0
2644,0,5,0
2657,0,0,3
2665,0,0,3
2668,0,8,0
2673,0,8,0
2680,0,7,0
2694,0,10,0
2704,0,0,1
2705,0,0,3
2709,0,0,1
2714,0,9,0
2718,0,10,0
2720,0,9,0
2724,0,3,0
2741,0,3,0
2746,0,0,1
2751,0,10,0
2759,0,0,4
2770,0,7,0
2781,0,0,7
2816,0,0,3
2832,0,0,4
2834,0,4,0
2843,0,0,4
2847,0,1,0
2861,0,7,0
2879,0,0,8
2891,0,7,0
2908,0,5,0
2915,0,9,0
2926,0,0,1
2943,0,0,8
2967,0,1,0
2968,0,0,4
2969,0,0,10
2992,0,5,0
2995,0,3,0
3008,0,0,10
3025,0,9,0
3026,0,0,1
3031,0,0,10
3041,0,0,6
3055,0,8,0
3108,0,7,0
3118,0,1,0
3120,0,5,0
3121,0,0,8
3126,0,0,6
3132,0,0,10
3139,0,3,0
3144,0,0,7
3147,0,0,8
3168,0,1,0
3188,0,10,0
3190,0,9,0
3201,0,0,8
3204,0,0,3
3205,0,0,10
3216,0,0,9
3230,0,0,7
3238,0,6,0
3240,0,0,5
3244,0,0,3
3282,0,0,2
3284,0,2,0
3293,0,0,3
3304,0,0,2
3313,0,0,4
3341,0,2,0
3343,0,0,2
3354,0,1,0
3368,0,0,2
3387,0,7,0
3388,0,6,0
3389,0,0,10
3394,0,0,8
3404,0,4,0
3414,0,0,2
3419,0,0,8
3435,0,9,0
3443,0,0,8
3460,0,9,0
3473,0,0,8
3475,0,0,9
3496,0,0,8
3498,0,5,0
3501,0,0,5
3530,0,0,3
3535,0,0,10
3549,0,2,0
3557,0,2,0
3576,0,3,0
3591,0,0,2
3598,0,0,5
3609,0,2,0
3620,0,6,0
3632,0,0,5
3646,0,7,0
3647,0,9,0
3659,0,0,8
3671,0,1,0
3675,0,0,9
3705,0,0,2
3714,0,0,9
3715,0,0,6
3719,0,0,6
3734,0,0,7
3769,0,0,10
3792,0,0,4
3807,0,0,10
3816,0,4,0
3820,0,0,9
3822,0,0,10
3828,0,5,0
3844,0,8,0
3875,0,0,10
3892,0,0,9
3909,0,9,0
3914,0,6,0
3927,0,4,0
3942,0,3,0
3946,0,0,3
3947,0,3,0
3950,0,3,0
3952,0,0,5
3959,0,10,0
3970,0,1,0
3979,0,0,3
3986,0,2,0
3987,0,0,6
4003,0,0,5
4011,0,5,0
4014,0,0,3
4026,0,0,6
4029,0,0,3
4034,0,0,3
4039,0,0,6
4048,0,10,0
4052,0,10,0
4054,0,0,9
4062,0,8,0
4074,0,0,6
4080,0,1,0
4097,0,0,4
4110,0,8,0
4112,0,7,0
4137,0,0,1
4144,0,4,0
4151,0,0,9
4159,0,0,6
4222,0,9,0
4223,0,6,0
4227,0,10,0
4237,0,6,0
4240,0,0,10
4247,0,0,8
4286,0,0,1
4299,0,8,0
4302,0,8,0
4304,0,0,5
4325,0,0,6
4327,0,0,8
4333,0,10,0
4341,0,6,0
4346,0,0,5
4348,0,0,3
4352,0,0,5
4370,0,4,0
4375,0,0,4
4394,0,0,1
4401,0,4,0
4409,0,0,4
4414,0,0,1
4448,0,2,0
4489,0,0,10
4505,0,10,0
4514,0,1,0
4534,0,3,0
4551,0,6,0
4560,0,0,2
4562,0,0,3
4568,0,0,4
4580,0,0,9
4590,0,0,2
4594,0,0,1
4596,0,0,8
4598,0,0,8
4615,0,0,9
4620,0,0,8
4642,0,2,0
4665,0,0,8
4666,0,0,7
4696,0,7,0
4701,0,3,0
4705,0,0,6
4715,0,3,0
4719,0,0,3
4741,0,8,0
4754,0,4,0
4793,0,8,0
4804,0,4,0
4806,0,0,5
4810,0,0,2
4815,0,0,5
4825,0,10,0
4842,0,4,0
4847,0,7,0
4855,0,0,10
4859,0,0,7
4891,0,10,0
4906,0,9,0
4913,0,5,0
4914,0,0,3
4933,0,0,10
4959,0,3,0
4962,0,0,8
4976,0,2,0
4977,0,7,0
4992,0,0,3
4998,0,0,9
5004,0,1,0
5006,0,0,3
5011,0,3,0
5021,0,7,0
5023,0,3,0
5047,0,3,0
5093,0,0,4
5095,0,0,3
5115,0,3,0
5122,0,10,0
5147,0,8,0
5155,0,0,6
5156,0,0,1
5176,0,0,1
5180,0,0,10
5182,0,0,2
5185,0,0,7
5190,0,0,5
5202,0,0,2
5215,0,0,2
5256,0,0,3
5300,0,0,3
5308,0,5,0
5327,0,0,5
5341,0,0,9
5344,0,5,0
5346,0,7,0
5372,0,0,4
5379,0,0,10
5382,0,2,0
5411,0,0,2
5421,0,6,0
5437,0,6,0
5444,0,5,0
5467,0,0,2
5475,0,0,8
5477,0,0,5
5501,0,5,0
5509,0,1,0
5522,0,2,0
5524,0,2,0
5532,0,1,0
5550,0,0,6
5587,0,8,0
5592,0,0,8
5593,0,9,0
5595,0,0,2
5605,0,0,4
5626,0,0,8
5628,0,0,8
5645,0,0,3
5649,0,0,1
5662,0,0,4
5671,0,9,0
5680,0,3,0
5702,0,7,0
5738,0,2,0
5753,0,8,0
5799,0,0,1
5807,0,0,2
5810,0,10,0
5812,0,0,6
5816,0,0,4
5825,0,1,0
5832,0,0,5
5835,0,0,8
5846,0,9,0
5852,0,2,0
5859,0,5,0
5862,0,7,0
5866,0,0,6
5880,0,0,3
5881,0,0,9
5890,0,3,0
5904,0,0,4
5914,0,0,9
5922,0,2,0
5936,0,8,0
5950,0,0,8
5961,0,1,0
5976,0,0,4
5982,0,10,0
6033,0,0,8
6034,0,0,4
6035,0,0,10
6072,0,3,0
6096,0,8,0
6104,0,9,0
6105,0,0,8
6127,0,0,1
6138,0,6,0
6139,0,8,0
6152,0,9,0
6157,0,0,5
6158,0,2,0
6184,0,4,0
6193,0,0,5
6215,0,0,4
6216,0,0,5
6217,0,0,2
6220,0,2,0
6232,0,0,9
6254,0,8,0
6269,0,4,0
6281,0,0,2
6310,0,0,1
6395,0,10,0
6398,0,1,0
6430,0,6,0
6433,0,0,3
6448,0,0,2
6459,0,2,0
6471,0,0,7
6492,0,0,3
6503,0,3,0
6521,0,0,6
6531,0,1,0
6532,0,9,0
6561,0,0,9
6577,0,0,5
6591,0,3,0
6602,0,9,0
6609,0,10,0
6637,0,0,10
6663,0,1,0
6705,0,0,7
6707,0,0,8
6718,0,0,10
6726,0,1,0
6748,0,0,5
6762,0,2,0
6768,0,2,0
6779,0,0,8
6784,0,4,0
6785,0,0,6
6801,0,0,8
6818,0,2,0
6822,0,0,3
6825,0,0,6
6839,0,0,4
6870,0,4,0
6871,0,5,0
6875,0,3,0
6877,0,0,6
6888,0,0,8
6912,0,4,0
6938,0,3,0
6957,0,0,10
6961,0,4,0
6972,0,5,0
6995,0,3,0
7001,0,0,4
7002,0,3,0
7019,0,3,0
7036,0,2,0
7046,0,3,0
7048,0,0,6
7061,0,6,0
7062,0,3,0
7077,0,0,4
7084,0,1,0
7085,0,0,7
7094,0,0,2
7099,0,1,0
7103,0,0,6
7121,0,2,0
7122,0,0,7
7181,0,3,0
7188,0,0,7
7193,0,0,6
7202,0,3,0
7207,0,0,5
7236,0,8,0
7264,0,3,0
7265,0,0,3
7272,0,0,1
7278,0,4,0
7287,0,10,0
7323,0,9,0
7326,0,0,6
7355,0,0,2
7358,0,0,5
7364,0,2,0
7371,0,4,0
7374,0,3,0
7378,0,0,5
7383,0,0,10
7386,0,2,0
7420,0,10,0
7444,0,4,0
7465,0,6,0
7476,0,2,0
7493,0,0,8
7496,0,10,0
7504,0,1,0
7506,0,0,5
7511,0,10,0
7515,0,1,0
7530,0,0,5
7567,0,0,6
7586,0,0,2
7637,0,2,0
7643,0,0,10
7647,0,0,8
7659,0,0,10
7671,0,0,2
7676,0,0,5
7678,0,0,2
7695,0,3,0
7745,0,10,0
7750,0,9,0
7753,0,0,2
7756,0,0,6
7761,0,0,8
7798,0,0,4
7803,0,0,5
7826,0,4,0
7833,0,0,6
7834,0,10,0
7846,0,0,5
7859,0,9,0
7867,0,7,0
7871,0,2,0
7877,0,3,0
7880,0,2,0
7881,0,0,6
7890,0,0,2
7901,0,0,10
7918,0,0,6
7927,0,5,0
7936,0,0,10
7951,0,0,7
7956,0,0,6
7972,0,0,7
7975,0,0,3
7977,0,9,0
8000,0,8,0
8011,0,0,10
8022,0,6,0
8037,0,4,0
8039,0,0,8
8040,0,1,0
8062,0,7,0
8065,0,4,0
8080,0,0,10
8083,0,0,1
8092,0,4,0
8093,0,0,2
8104,0,3,0
8118,0,0,8
8136,0,2,0
8160,0,0,6
8165,0,5,0
8177,0,0,5
8209,0,0,8
8234,0,9,0
8267,0,0,9
8268,0,9,0
8274,0,6,0
8281,0,5,0
8317,0,0,10
8318,0,2,0
8328,0,0,7
8350,0,8,0
8353,0,0,4
8366,0,8,0
8376,0,0,1
8389,0,0,2
8402,0,1,0
8403,0,0,6
8414,0,9,0
8418,0,0,9
8422,0,6,0
8431,0,0,10
8438,0,0,5
8443,0,9,0
8449,0,0,1
8460,0,1,0
8473,0,7,0
8480,0,8,0
8487,0,0,6
8509,0,0,10
8512,0,7,0
8525,0,10,0
8540,0,8,0
8551,0,0,10
8555,0,9,0
8562,0,0,8
8621,0,2,0
8624,0,7,0
8631,0,7,0
8638,0,0,10
8649,0,8,0
8660,0,3,0
8669,0,0,1
8687,0,4,0
8711,0,6,0
8712,0,0,6
8738,0,8,0
8746,0,8,0
8790,0,9,0
8809,0,0,2
8826,0,10,0
8835,0,4,0
8864,0,9,0
8867,0,0,3
8872,0,0,5
8880,0,2,0
8881,0,0,1
8883,0,6,0
8893,0,9,0
8897,0,2,0
8898,0,0,7
8901,0,0,3
8926,0,9,0
8929,0,10,0
8933,0,0,2
8947,0,0,6
8956,0,0,4
8962,0,0,10
8988,0,1,0
9005,0,0,8
9008,0,3,0
9023,0,0,5
9036,0,0,2
9037,0,0,8
9039,0,0,1
9046,0,0,2
9055,0,0,6
9056,0,0,6
9061,0,5,0
9087,0,0,5
9091,0,5,0
9097,0,5,0
9119,0,0,10
9133,0,10,0
9169,0,0,10
9181,0,2,0
9184,0,5,0
9196,0,0,3
9199,0,2,0
9212,0,7,0
9232,0,0,8
9264,0,0,1
9268,0,0,4
9305,0,7,0
9310,0,4,0
9324,0,3,0
9334,0,0,8
9336,0,0,6
9343,0,8,0
9347,0,0,7
9361,0,1,0
9382,0,6,0
9409,0,0,7
9427,0,0,1
9453,0,9,0
9475,0,10,0
9512,0,0,1
9522,0,0,10
9537,0,0,7
9542,0,0,7
9550,0,0,5
9553,0,0,9
9563,0,0,4
9623,0,9,0
9624,0,0,5
9639,0,10,0
9640,0,0,10
9670,0,0,4
9671,0,0,1
9672,0,0,8
9691,0,0,3
9698,0,5,0
9725,0,4,0
9756,0,0,6
9766,0,0,6
9785,0,0,10
9789,0,3,0
9821,0,0,10
9854,0,0,1
9856,0,3,0
9864,0,0,6
9868,0,0,4
9883,0,0,6
9928,0,8,0
9931,0,0,8
9933,0,0,6
9939,0,2,0
9949,0,1,0
9967,0,0,10
9977,0,0,3
9985,0,7,0
9989,0,0,7
9997,0,7,0
10003,0,1,0
10023,0,1,0
10028,0,0,6
10032,0,0,6
10043,0,0,9
10056,0,0,2
10078,0,0,8
10094,0,1,0
10116,0,5,0
10117,0,2,0
10132,0,0,7
10147,0,1,0
10152,0,4,0
10155,0,1,0
10181,0,0,8
10185,0,0,6
10188,0,0,2
10191,0,0,5
10200,0,3,0
10206,0,7,0
10209,0,9,0
10210,0,0,7
10236,0,0,7
10240,0,0,2
10250,0,8,0
10256,0,0,6
10258,0,0,3
10266,0,4,0
10288,0,0,3
10295,0,0,5
10320,0,0,10
10324,0,5,0
10336,0,8,0
10347,0,8,0
10350,0,7,0
10365,0,0,4
10368,0,2,0
10397,0,0,3
10404,0,0,4
10405,0,0,9
10412,0,6,0
10416,0,0,7
10423,0,2,0
10468,0,0,4
10476,0,0,5
10493,0,0,7
10505,0,0,5
10512,0,0,10
10515,0,0,2
10517,0,0,2
10519,0,0,7
10522,0,5,0
10530,0,6,0
10551,0,0,2
10589,0,0,3
10621,0,3,0
10649,0,6,0
10685,0,0,1
10686,0,9,0
10711,0,0,10
10718,0,0,9
10721,0,6,0
10724,0,0,5
10750,0,0,1
10757,0,8,0
10760,0,0,3
10763,0,0,5
10775,0,0,6
10792,0,4,0
10797,0,0,7
10804,0,8,0
10806,0,6,0
10841,0,8,0
10861,0,0,5
10867,0,2,0
10880,0,3,0
10898,0,4,0
10940,0,3,0
10943,0,4,0
10945,0,0,9
10962,0,0,9
10987,0,0,1
10997,0,10,0
10998,0,3,0
11005,0,6,0
11013,0,0,4
11027,0,0,4
11041,0,1,0
11069,0,8,0
11077,0,0,9
11095,0,0,3
11122,0,0,3
11125,0,10,0
11129,0,0,1
11137,0,0,10
11142,0,4,0
11147,0,0,7
11165,0,0,6
11184,0,8,0
11202,0,0,3
11205,0,4,0
11208,0,0,3
11220,0,2,0
11246,0,8,0
11292,0,0,2
11295,0,5,0
11313,0,10,0
11315,0,0,1
11325,0,0,10
11332,0,0,9
11334,0,9,0
11336,0,5,0
11345,0,0,1
11379,0,7,0
11382,0,1,0
11394,0,7,0
11431,0,7,0
11433,0,10,0
11450,0,0,4
11462,0,5,0
11469,0,6,0
11473,0,0,2
11475,0,0,5
11498,0,1,0
11508,0,0,1
11559,0,0,6
11564,0,0,10
11577,0,6,0
11582,0,9,0
11612,0,4,0
11617,0,0,8
11618,0,0,2
11633,0,0,2
11651,0,0,9
11690,0,7,0
11694,0,3,0
11703,0,0,6
11709,0,1,0
11726,0,0,7
11732,0,0,7
11735,0,6,0
11736,0,0,5
11742,0,9,0
11747,0,8,0
11759,0,0,6
11850,0,6,0
11853,0,0,5
11871,0,5,0
11894,0,8,0
11896,0,0,9
11930,0,2,0
11961,0,0,7
11977,0,0,2
11981,0,7,0
11986,0,0,1
11990,0,6,0
11993,0,6,0
12032,0,0,4
12049,0,0,5
12061,0,4,0
12066,0,9,0
12072,0,10,0
12073,0,6,0
12083,0,0,3
12097,0,0,6
12102,0,0,5
12118,0,6,0
12145,0,0,9
12148,0,8,0
12153,0,0,2
12159,0,1,0
12160,0,7,0
12162,0,0,9
12163,0,0,3
12176,0,3,0
12184,0,0,2
12204,0,0,3
12226,0,3,0
12235,0,9,0
12252,0,0,2
12274,0,0,9
12281,0,7,0
12299,0,0,7
12354,0,0,7
12375,0,4,0
12381,0,1,0
12409,0,4,0
12428,0,10,0
12432,0,0,4
12442,0,2,0
12466,0,6,0
12469,0,0,7
12489,0,8,0
12491,0,0,2
12512,0,8,0
12534,0,0,6
12579,0,0,2
12581,0,0,2
12588,0,5,0
12590,0,3,0
12596,0,0,9
12601,0,3,0
12621,0,9,0
12625,0,0,6
12637,0,0,9
12641,0,7,0
12644,0,0,9
12653,0,0,1
12665,0,0,4
12697,0,6,0
12712,0,0,2
12723,0,2,0
12730,0,0,8
12735,0,3,0
12737,0,6,0
12747,0,0,4
12750,0,0,2
12775,0,6,0
12809,0,2,0
12814,0,8,0
12822,0,0,3
12833,0,0,9
12837,0,10,0
12885,0,1,0
12886,0,0,8
12889,0,0,1
12895,0,2,0
12915,0,6,0
12923,0,0,3
12950,0,0,6
12962,0,10,0
12967,0,0,6
12978,0,0,8
12980,0,0,7
12994,0,0,1
13023,0,0,2
13026,0,0,3
13029,0,0,1
13036,0,0,1
13043,0,4,0
13050,0,0,4
13077,0,3,0
13080,0,3,0
13099,0,0,5
13107,0,0,6
13112,0,5,0
13113,0,0,4
13114,0,0,9
13122,0,0,2
13129,0,0,2
13152,0,0,10
13159,0,8,0
13166,0,0,3
13168,0,9,0
13169,0,5,0
13184,0,0,5
13206,0,0,6
13229,0,0,2
13241,0,8,0
13257,0,7,0
13281,0,6,0
13293,0,0,9
13297,0,9,0
13315,0,8,0
13349,0,1,0
13351,0,0,8
13355,0,0,9
13387,0,0,4
13388,0,0,6
13404,0,0,8
13405,0,9,0
13411,0,2,0
13416,0,0,5
13417,0,10,0
13434,0,1,0
13442,0,0,7
13480,0,10,0
13502,0,0,2
13514,0,10,0
13522,0,0,1
13530,0,0,6
13535,0,0,6
13546,0,0,10
13550,0,4,0
13551,0,0,5
13559,0,1,0
13564,0,0,4
13568,0,0,3
13570,0,9,0
13610,0,5,0
13611,0,10,0
13633,0,0,1
13635,0,2,0
13639,0,5,0
13642,0,6,0
13645,0,0,7
13649,0,0,6
13656,0,1,0
13676,0,0,2
13682,0,0,3
13695,0,0,5
13698,0,0,3
13699,0,0,2
13709,0,3,0
13716,0,5,0
13718,0,0,5
13719,0,0,6
13723,0,0,2
13733,0,0,3
13748,0,8,0
13752,0,0,2
13753,0,0,3
13757,0,7,0
13771,0,0,2
13811,0,9,0
13847,0,0,10
13854,0,0,10
13857,0,9,0
13861,0,0,10
13890,0,1,0
13920,0,2,0
13935,0,9,0
13950,0,0,7
13971,0,1,0
13974,0,2,0
13979,0,10,0
14004,0,0,7
14025,0,0,3
14042,0,8,0
14044,0,0,5
14062,0,4,0
14066,0,0,1
14079,0,3,0
14100,0,9,0
14110,0,0,5
14115,0,2,0
14121,0,0,10
14124,0,6,0
14126,0,0,9
14146,0,4,0
14151,0,0,7
14154,0,0,2
14172,0,0,1
14174,0,0,5
14182,0,10,0
14201,0,0,9
14217,0,0,2
14219,0,10,0
14234,0,0,6
14246,0,10,0
14272,0,6,0
14314,0,10,0
14340,0,1,0
14346,0,0,2
14365,0,0,10
14403,0,9,0
14404,0,0,10
14405,0,0,9
14415,0,7,0
14424,0,4,0
14453,0,8,0
14457,0,0,7
14467,0,2,0
14477,0,7,0
14511,0,0,4
14516,0,3,0
14548,0,5,0
14554,0,0,10
14573,0,0,2
14579,0,8,0
14593,0,8,0
14594,0,0,8
14606,0,5,0
14607,0,10,0
14608,0,0,9
14617,0,0,10
14624,0,7,0
14653,0,1,0
14685,0,0,1
14691,0,6,0
14697,0,1,0
14722,0,0,6
14767,0,3,0
14793,0,9,0
14799,0,2,0
14816,0,8,0
14818,0,4,0
14840,0,2,0
14860,0,1,0
14888,0,4,0
14896,0,4,0
14903,0,0,8
14921,0,7,0
14928,0,0,5
14930,0,0,4
14932,0,0,2
14937,0,5,0
14951,0,0,5
14974,0,0,1
14984,0,2,0
14986,0,7,0
14989,0,3,0
14999,0,0,7
15024,0,5,0
15027,0,5,0
15055,0,1,0
15064,0,0,7
15078,0,8,0
15102,0,9,0
15112,0,0,7
15119,0,0,8
15127,0,3,0
15133,0,0,1
15151,0,0,10
15152,0,0,5
15162,0,0,2
15174,0,1,0
15175,0,8,0
15179,0,1,0
15185,0,10,0
15191,0,2,0
15204,0,0,1
15209,0,0,2
15225,0,1,0
15246,0,3,0
15261,0,1,0
15274,0,0,2
15286,0,8,0
15289,0,6,0
15310,0,9,0
15315,0,4,0
15328,0,0,7
15333,0,3,0
15342,0,6,0
15343,0,1,0
15348,0,0,6
15351,0,0,6
15355,0,7,0
15361,0,7,0
15410,0,0,6
15433,0,0,5
15435,0,4,0
15445,0,10,0
15468,0,0,6
15476,0,9,0
15488,0,6,0
15498,0,3,0
15499,0,0,2
15502,0,0,10
15514,0,5,0
15517,0,0,9
15535,0,5,0
15537,0,0,9
15549,0,0,10
15598,0,0,8
15611,0,3,0
15633,0,9,0
15647,0,3,0
15681,0,0,5
15708,0,0,8
15716,0,0,4
15719,0,0,10
15734,0,6,0
15745,0,3,0
15774,0,0,1
15797,0,3,0
15826,0,1,0
15835,0,8,0
15838,0,0,5
15844,0,3,0
15881,0,0,2
15890,0,7,0
15897,0,1,0
15905,0,3,0
15918,0,5,0
15920,0,0,7
15924,0,8,0
15926,0,10,0
15938,0,9,0
15945,0,5,0
15956,0,7,0
15958,0,10,0
15963,0,8,0
15968,0,0,7
15979,0,0,4
15989,0,3,0
15994,0,0,4
15997,0,7,0
16001,0,0,9
16008,0,7,0
16009,0,3,0
16025,0,0,10
16044,0,3,0
16045,0,0,5
16057,0,2,0
16060,0,0,6
16076,0,4,0
16085,0,0,3
16094,0,0,1
16095,0,0,10
16101,0,0,5
16114,0,6,0
16120,0,0,5
16122,0,8,0
16164,0,0,6
16166,0,4,0
16170,0,0,7
16197,0,0,5
16204,0,0,10
16207,0,0,6
16220,0,0,3
16235,0,4,0
16237,0,9,0
16251,0,5,0
16259,0,9,0
16263,0,4,0
16267,0,7,0
16288,0,0,2
16294,0,0,9
16297,0,0,6
16299,0,4,0
16320,0,0,5
16326,0,10,0
16331,0,0,5
16353,0,0,1
16396,0,0,1
16428,0,10,0
16432,0,0,4
16443,0,0,3
16460,0,9,0
16466,0,0,10
16489,0,0,9
16503,0,7,0
16519,0,0,1
16530,0,0,2
16547,0,4,0
16552,0,0,1
16558,0,0,5
16559,0,10,0
16563,0,0,3
16570,0,9,0
16595,0,0,8
16643,0,0,6
16649,0,3,0
16657,0,1,0
16701,0,6,0
16710,0,1,0
16738,0,0,1
16816,0,9,0
16824,0,5,0
16830,0,10,0
16832,0,2,0
16837,0,3,0
16858,0,0,5
16859,0,7,0
16868,0,10,0
16873,0,0,1
16914,0,0,6
16918,0,0,3
16922,0,0,9
16942,0,2,0
16952,0,0,8
16963,0,0,6
16970,0,0,7
16976,0,8,0
17000,0,10,0
17002,0,3,0
17006,0,0,4
17029,0,6,0
17032,0,5,0
17033,0,10,0
17055,0,0,3
17061,0,0,8
17072,0,0,4
17073,0,0,5
17086,0,0,8
17092,0,8,0
17128,0,2,0
17130,0,1,0
17135,0,2,0
17141,0,0,7
17159,0,0,8
17160,0,7,0
17169,0,7,0
17172,0,5,0
17173,0,5,0
17175,0,0,10
17177,0,5,0
17186,0,8,0
17194,0,9,0
17195,0,6,0
17198,0,7,0
17208,0,0,5
17226,0,6,0
17242,0,5,0
17246,0,9,0
17269,0,10,0
17282,0,0,9
17292,0,7,0
17304,0,0,1
17336,0,0,10
17352,0,5,0
17372,0,2,0
17380,0,0,10
17385,0,5,0
17390,0,0,3
17418,0,0,9
17421,0,2,0
17423,0,0,5
17444,0,4,0
17447,0,0,2
17451,0,4,0
17468,0,2,0
17473,0,0,10
17481,0,0,7
17482,0,9,0
17520,0,0,7
17523,0,0,3
17533,0,4,0
17538,0,0,8
17543,0,0,7
17550,0,0,3
17599,0,2,0
17608,0,10,0
17631,0,4,0
17643,0,0,7
17647,0,0,2
17655,0,0,4
17662,0,5,0
17663,0,0,3
17700,0,0,7
17707,0,6,0
17710,0,7,0
17718,0,6,0
17724,0,0,9
17734,0,8,0
17742,0,5,0
17755,0,0,10
17757,0,0,9
17798,0,2,0
17804,0,6,0
17842,0,9,0
17846,0,9,0
17849,0,10,0
17878,0,10,0
17889,0,5,0
17901,0,0,10
17909,0,0,1
17911,0,8,0
17916,0,7,0
17942,0,3,0
17952,0,0,5
17953,0,1,0
17959,0,0,2
17984,0,1,0
17997,0,4,0
17998,0,0,3
18004,0,0,4
18020,0,0,1
18022,0,0,3
18025,0,4,0
18040,0,8,0
18042,0,0,5
18054,0,0,3
18057,0,0,2
18060,0,1,0
18067,0,10,0
18073,0,10,0
18076,0,0,2
18077,0,0,6
18133,0,0,5
18138,0,0,6
18139,0,1,0
18163,0,0,2
18167,0,0,9
18178,0,0,8
18189,0,0,4
18196,0,0,10
18207,0,8,0
18215,0,0,1
18223,0,0,1
18249,0,0,3
18260,0,0,4
18268,0,8,0
18274,0,7,0
18286,0,0,10
18289,0,1,0
18293,0,0,1
18308,0,0,1
18311,0,7,0
18334,0,0,8
18347,0,1,0
18351,0,0,6
18355,0,0,5
18359,0,2,0
18391,0,1,0
18395,0,3,0
18397,0,2,0
18429,0,7,0
18430,0,0,2
18436,0,10,0
18440,0,7,0
18442,0,0,10
18463,0,5,0
18472,0,0,1
18474,0,0,4
18492,0,7,0
18507,0,3,0
18516,0,10,0
18527,0,0,8
18545,0,7,0
18550,0,5,0
18551,0,10,0
18558,0,0,5
18565,0,3,0
18569,0,5,0
18574,0,7,0
18580,0,0,9
18586,0,0,8
18592,0,10,0
18609,0,0,7
18626,0,3,0
18629,0,8,0
18650,0,0,1
18664,0,8,0
18670,0,0,3
18673,0,9,0
18698,0,0,5
18700,0,3,0
18709,0,1,0
18718,0,4,0
18721,0,6,0
18745,0,3,0
18750,0,4,0
18778,0,4,0
18781,0,5,0
18798,0,5,0
18838,0,0,10
18842,0,8,0
18852,0,0,9
18856,0,8,0
18859,0,1,0
18862,0,0,9
18878,0,0,1
18905,0,6,0
18910,0,0,1
18917,0,10,0
18952,0,0,7
18955,0,1,0
18980,0,10,0
18985,0,0,4
19014,0,3,0
19015,0,0,5
19018,0,0,1
19035,0,0,3
19036,0,8,0
19052,0,2,0
19056,0,0,6
19059,0,0,6
19069,0,0,2
19075,0,1,0
19092,0,8,0
19101,0,0,2
19121,0,7,0
19123,0,7,0
19145,0,0,1
19177,0,7,0
19178,0,0,2
19179,0,2,0
19184,0,6,0
19185,0,0,4
19186,0,0,9
19187,0,0,6
19189,0,0,9
19217,0,8,0
19224,0,8,0
19229,0,0,10
19235,0,10,0
19248,0,4,0
19262,0,0,4
19301,0,0,7
19309,0,0,6
19318,0,3,0
19332,0,0,8
19339,0,6,0
19370,0,0,1
19375,0,0,4
19381,0,2,0
19384,0,0,5
19389,0,0,6
19397,0,0,1
19418,0,0,10
19424,0,1,0
19431,0,0,9
19439,0,0,6
19446,0,10,0
19453,0,7,0
19473,0,6,0
19474,0,1,0
19476,0,9,0
19488,0,3,0
19493,0,0,5
19516,0,1,0
19522,0,0,1
19523,0,0,1
19524,0,9,0
19539,0,4,0
19567,0,3,0
19583,0,7,0
19595,0,0,2
19597,0,0,4
19611,0,0,7
19647,0,0,7
19649,0,3,0
19654,0,0,6
19655,0,10,0
19665,0,0,3
19679,0,3,0
19689,0,0,5
19691,0,0,8
19701,0,7,0
19719,0,8,0
19721,0,0,2
19725,0,0,8
19731,0,10,0
19739,0,4,0
19750,0,0,4
19752,0,0,5
19762,0,0,9
19781,0,9,0
19794,0,0,10
19796,0,9,0
19798,0,4,0
19818,0,0,9
19821,0,0,4
19824,0,2,0
19827,0,0,7
19844,0,0,4
19848,0,0,2
19850,0,5,0
19855,0,0,7
19862,0,0,10
19871,0,2,0
19873,0,4,0
19884,0,0,5
19892,0,0,6
19893,0,0,9
19900,0,9,0
19921,0,0,3
19938,0,8,0
19948,0,10,0
19949,0,5,0
19969,0,5,0
19972,0,0,6
20008,0,3,0
20033,0,3,0
20054,0,0,4
20082,0,0,6
20108,0,0,9
20124,0,10,0
20127,0,3,0
20148,0,0,6
20154,0,8,0
20167,0,0,1
20172,0,4,0
20176,0,3,0
20188,0,0,2
20189,0,2,0
20205,0,0,8
20213,0,5,0
20248,0,9,0
20249,0,6,0
20301,0,0,9
20315,0,9,0
20317,0,0,4
20318,0,6,0
20327,0,5,0
20331,0,2,0
20346,0,0,2
20384,0,0,7
20394,0,7,0
20402,0,0,5
20407,0,0,8
20428,0,0,5
20430,0,0,1
20439,0,8,0
20457,0,6,0
20473,0,3,0
20482,0,0,2
20501,0,0,2
20515,0,0,7
20519,0,0,7
20523,0,4,0
20566,0,8,0
20571,0,9,0
20611,0,5,0
20612,0,0,7
20624,0,0,6
20630,0,0,1
20633,0,0,1
20639,0,1,0
20649,0,0,8
20668,0,0,4
20683,0,0,1
20696,0,0,2
20697,0,0,9
20704,0,0,10
20718,0,0,10
20729,0,10,0
20731,0,0,8
20759,0,0,7
20760,0,9,0
20770,0,0,4
20776,0,9,0
20791,0,3,0
20792,0,10,0
20795,0,5,0
20798,0,0,3
20807,0,9,0
20814,0,0,5
20868,0,8,0
20908,0,0,9
20911,0,0,8
20915,0,0,7
20930,0,0,1
20938,0,4,0
20970,0,9,0
20973,0,0,10
20982,0,10,0
20984,0,0,9
20991,0,0,5
21010,0,0,2
21012,0,0,10
21032,0,7,0
21038,0,0,2
21044,0,0,8
21066,0,0,2
21068,0,0,4
21069,0,0,9
21070,0,0,1
21079,0,10,0
21083,0,0,2
21109,0,2,0
21121,0,8,0
21156,0,4,0
21157,0,0,5
21178,0,4,0
21184,0,9,0
21187,0,0,10
21201,0,3,0
21202,0,9,0
21224,0,0,8
21232,0,2,0
21235,0,2,0
21236,0,0,4
21270,0,7,0
21279,0,0,3
21295,0,7,0
21300,0,3,0
21304,0,0,6
21305,0,0,9
21306,0,0,7
21310,0,0,4
21316,0,0,2
21325,0,7,0
21334,0,8,0
21349,0,3,0
21360,0,0,6
21366,0,1,0
21372,0,10,0
21402,0,9,0
21413,0,0,2
21416,0,5,0
21426,0,0,1
21446,0,4,0
21455,0,0,10
21457,0,5,0
21463,0,9,0
21466,0,0,1
21471,0,0,10
21506,0,6,0
21527,0,2,0
21541,0,0,6
21544,0,0,4
21552,0,9,0
21554,0,10,0
21578,0,3,0
21583,0,0,3
21596,0,0,4
21630,0,0,5
21642,0,0,4
21643,0,0,5
21648,0,3,0
21653,0,5,0
21658,0,6,0
21679,0,0,9
21683,0,7,0
21691,0,10,0
21710,0,0,5
21713,0,0,5
21714,0,0,6
21724,0,4,0
21731,0,5,0
21746,0,9,0
21771,0,7,0
21781,0,0,9
21786,0,9,0
21795,0,5,0
21804,0,0,6
21816,0,0,6
21830,0,0,10
21831,0,7,0
21835,0,5,0
21841,0,2,0
21844,0,0,6
21845,0,0,3
21864,0,0,6
21916,0,0,5
21917,0,0,7
21937,0,0,6
21954,0,0,4
21955,0,0,4
21986,0,0,5
22002,0,0,6
22021,0,5,0
22024,0,1,0
22037,0,8,0
22060,0,0,8
22087,0,10,0
22114,0,0,2
22118,0,0,9
22122,0,9,0
22132,0,0,10
22139,0,4,0
22142,0,0,1
22146,0,0,10
22157,0,4,0
22163,0,7,0
22175,0,5,0
22181,0,0,9
22187,0,10,0
22190,0,0,1
22205,0,5,0
22206,0,0,2
22208,0,2,0
22223,0,1,0
22228,0,3,0
22236,0,0,9
22249,0,0,2
22256,0,0,7
22259,0,6,0
22273,0,10,0
22279,0,10,0
22284,0,0,2
22291,0,7,0
22292,0,0,4
22297,0,0,1
22304,0,5,0
22314,0,0,10
22316,0,1,0
22318,0,0,1
22323,0,8,0
22334,0,1,0
22341,0,3,0
22344,0,0,5
22348,0,10,0
22362,0,4,0
22368,0,0,4
22387,0,0,9
22400,0,1,0
22405,0,0,8
22409,0,0,8
22421,0,2,0
22422,0,5,0
22437,0,10,0
22457,0,0,4
22506,0,8,0
22522,0,7,0
22532,0,0,8
22538,0,0,4
22539,0,1,0
22545,0,0,2
22551,0,0,4
22571,0,0,8
22577,0,0,4
22580,0,1,0
22586,0,3,0
22594,0,4,0
22595,0,6,0
22600,0,0,9
22602,0,0,3
22608,0,1,0
22627,0,0,4
22643,0,3,0
22647,0,4,0
22654,0,0,2
22656,0,10,0
22659,0,0,4
22679,0,0,4
22683,0,0,1
22692,0,6,0
22716,0,0,3
22718,0,3,0
22724,0,6,0
22737,0,1,0
22748,0,0,10
22762,0,0,5
22767,0,1,0
22771,0,0,2
22786,0,0,3
22795,0,8,0
22838,0,0,1
22863,0,0,6
22868,0,0,3
22885,0,0,8
22889,0,9,0
22891,0,1,0
22899,0,0,5
22900,0,0,8
22901,0,8,0
22917,0,0,3
22931,0,7,0
22969,0,6,0
22970,0,2,0
22977,0,5,0
23012,0,0,9
23016,0,7,0
23065,0,0,5
23082,0,9,0
23083,0,3,0
23109,0,0,10
23110,0,0,5
23129,0,2,0
23139,0,0,9
23154,0,0,3
23158,0,0,6
23166,0,2,0
23169,0,7,0
23178,0,7,0
23188,0,1,0
23208,0,0,7
23209,0,3,0
23222,0,0,8
23241,0,0,7
23258,0,9,0
23292,0,2,0
23307,0,7,0
23325,0,0,10
23366,0,3,0
23375,0,9,0
23386,0,5,0
23416,0,10,0
23436,0,9,0
23446,0,0,9
23453,0,5,0
23454,0,10,0
23457,0,3,0
23459,0,6,0
23478,0,9,0
23490,0,2,0
23505,0,4,0
23510,0,0,2
23529,0,10,0
23538,0,4,0
23541,0,0,1
23548,0,9,0
23562,0,0,9
23570,0,0,2
23582,0,0,10
23588,0,0,4
23604,0,10,0
23606,0,0,5
23614,0,5,0
23615,0,5,0
23617,0,1,0
23618,0,7,0
23623,0,4,0
23635,0,6,0
23640,0,0,2
23643,0,8,0
23652,0,0,3
23655,0,5,0
23656,0,0,6
23714,0,7,0
23722,0,4,0
23723,0,0,5
23745,0,0,8
23750,0,4,0
23756,0,2,0
23771,0,0,4
23775,0,0,5
23779,0,0,8
23787,0,0,3
23797,0,2,0
23798,0,1,0
23808,0,0,3
23818,0,0,8
23822,0,5,0
23823,0,9,0
23830,0,0,3
23833,0,0,5
23847,0,7,0
23851,0,0,5
23884,0,2,0
23900,0,0,5
23919,0,10,0
23921,0,7,0
23925,0,0,5
23926,0,5,0
23941,0,2,0
23944,0,0,9
23946,0,6,0
23948,0,0,8
23961,0,0,1
23983,0,0,7
23987,0,0,3
24010,0,0,1
24012,0,0,2
24021,0,0,6
24023,0,0,1
24027,0,2,0
24046,0,2,0
24053,0,0,2
24054,0,0,8
24063,0,0,4
24073,0,0,1
24079,0,2,0
24090,0,4,0
24113,0,0,9
24132,0,0,3
24145,0,0,2
24215,0,8,0
24219,0,0,5
24243,0,7,0
24258,0,0,3
24268,0,2,0
24272,0,4,0
24315,0,0,2
24333,0,7,0
24350,0,0,1
24354,0,0,5
24365,0,0,2
24381,0,10,0
24399,0,6,0
24402,0,4,0
24416,0,0,3
24425,0,0,4
24428,0,5,0
24447,0,0,8
24507,0,8,0
24522,0,9,0
24530,0,0,5
24538,0,0,2
24576,0,0,10
24585,0,6,0
24589,0,3,0
24591,0,6,0
24593,0,2,0
24597,0,0,4
24603,0,7,0
24610,0,3,0
24612,0,0,3
24613,0,4,0
24614,0,0,3
24623,0,10,0
24636,0,0,8
24678,0,8,0
24687,0,0,9
24695,0,5,0
24700,0,9,0
24722,0,10,0
24728,0,10,0
24734,0,8,0
24753,0,2,0
24756,0,0,8
24764,0,9,0
24781,0,0,3
24782,0,7,0
24800,0,10,0
24808,0,7,0
24818,0,1,0
24820,0,5,0
24827,0,0,2
24837,0,0,10
24853,0,0,2
24872,0,0,7
24942,0,0,1
24947,0,7,0
24954,0,0,10
24955,0,0,6
24956,0,0,3
24961,0,0,6
24962,0,0,6
24972,0,0,8
24976,0,9,0
24983,0,0,2
24997,0,4,0
25002,0,4,0
25003,0,0,1
25007,0,0,7
25016,0,0,6
25020,0,0,7
25024,0,7,0
25038,0,1,0
25039,0,0,5
25042,0,0,5
25048,0,1,0
25051,0,2,0
25068,0,0,1
25081,0,1,0
25083,0,4,0
25107,0,10,0
25113,0,0,6
25114,0,7,0
25123,0,4,0
25124,0,3,0
25144,0,7,0
25147,0,0,5
25156,0,7,0
25160,0,3,0
25167,0,0,6
25178,0,4,0
25193,0,8,0
25198,0,2,0
25202,0,8,0
25203,0,0,1
25214,0,10,0
25224,0,10,0
25227,0,5,0
25228,0,2,0
25235,0,8,0
25251,0,0,9
25265,0,0,10
25266,0,0,10
25310,0,6,0
25312,0,0,2
25322,0,4,0
25323,0,0,10
25324,0,3,0
25350,0,7,0
25401,0,10,0
25417,0,0,3
25446,0,1,0
25452,0,0,4
25455,0,0,1
25457,0,2,0
25489,0,1,0
25490,0,0,5
25495,0,2,0
25500,0,0,4
25503,0,6,0
25513,0,9,0
25534,0,0,1
25559,0,7,0
25560,0,0,1
25564,0,0,7
25603,0,8,0
25626,0,0,2
25645,0,6,0
25658,0,8,0
25676,0,10,0
25683,0,0,7
25690,0,9,0
25692,0,5,0
25699,0,4,0
25702,0,0,9
25706,0,0,9
25717,0,7,0
25739,0,3,0
25758,0,0,1
25766,0,0,5
25779,0,2,0
25805,0,0,6
25812,0,0,5
25821,0,5,0
25838,0,0,4
25852,0,5,0
25862,0,0,6
25865,0,0,3
25876,0,0,1
25878,0,7,0
25892,0,10,0
25894,0,0,7
25915,0,0,4
25920,0,1,0
25928,0,1,0
25938,0,7,0
25940,0,10,0
25945,0,0,10
25946,0,3,0
25951,0,1,0
25972,0,7,0
25977,0,0,4
25999,0,4,0
26004,0,1,0
26012,0,9,0
26013,0,0,5
26015,0,2,0
26036,0,0,2
26043,0,3,0
26051,0,0,5
26064,0,7,0
26070,0,6,0
26075,0,7,0
26082,0,10,0
26094,0,0,8
26098,0,0,2
26101,0,9,0
26115,0,3,0
26120,0,0,6
26125,0,0,4
26137,0,5,0
26144,0,0,10
26161,0,4,0
26162,0,0,2
26166,0,0,1
26168,0,1,0
26171,0,0,8
26179,0,0,7
26193,0,6,0
26201,0,7,0
26219,0,0,6
26235,0,0,8
26249,0,0,4
26258,0,0,9
26274,0,0,5
26277,0,1,0
26286,0,7,0
26294,0,0,9
26322,0,0,8
26349,0,0,10
26357,0,6,0
26372,0,0,10
26376,0,6,0
26380,0,0,2
26382,0,0,5
26394,0,2,0
26400,0,0,10
26416,0,10,0
26426,0,0,8
26428,0,0,1
26440,0,3,0
26445,0,0,6
26448,0,0,4
26452,0,0,8
26453,0,0,10
26458,0,10,0
26465,0,0,9
26469,0,0,8
26475,0,0,9
26483,0,8,0
26486,0,5,0
26489,0,2,0
26522,0,0,4
26531,0,0,2
26550,0,9,0
26560,0,0,7
26574,0,6,0
26594,0,6,0
26598,0,0,8
26613,0,0,8
26640,0,0,3
26649,0,0,7
26658,0,3,0
26667,0,3,0
26671,0,1,0
26692,0,5,0
26699,0,0,9
26728,0,0,3
26729,0,0,9
26741,0,0,6
26759,0,0,2
26798,0,0,3
26820,0,10,0
26824,0,8,0
26832,0,1,0
26847,0,5,0
26864,0,0,1
26873,0,0,7
26881,0,10,0
26883,0,0,7
26887,0,0,1
26893,0,8,0
26905,0,0,9
26908,0,1,0
26913,0,8,0
26925,0,0,6
26927,0,9,0
26935,0,0,7
26945,0,1,0
26953,0,4,0
26955,0,8,0
26956,0,0,1
26960,0,9,0
26963,0,0,4
26985,0,0,4
26987,0,3,0
26993,0,0,3
26996,0,7,0
27015,0,5,0
27029,0,8,0
27053,0,0,8
27070,0,0,7
27072,0,0,7
27091,0,0,6
27108,0,3,0
27151,0,0,2
27154,0,8,0
27159,0,10,0
27170,0,0,10
27179,0,4,0
27182,0,0,1
27213,0,8,0
27214,0,0,8
27232,0,0,10
27262,0,0,2
27283,0,5,0
27291,0,0,7
27299,0,6,0
27315,0,5,0
27321,0,1,0
27330,0,4,0
27336,0,0,5
27346,0,6,0
27360,0,0,8
27384,0,10,0
27392,0,1,0
27412,0,0,10
27418,0,0,10
27419,0,0,4
27425,0,4,0
27427,0,0,6
27434,0,6,0
27435,0,0,3
27451,0,8,0
27456,0,7,0
27475,0,0,9
27477,0,4,0
27507,0,0,10
27511,0,9,0
27514,0,1,0
27516,0,7,0
27523,0,9,0
27532,0,0,6
27539,0,1,0
27546,0,4,0
27548,0,8,0
27557,0,0,7
27562,0,5,0
27563,0,3,0
27575,0,0,10
27580,0,9,0
27586,0,0,1
27604,0,9,0
27618,0,0,2
27627,0,0,2
27635,0,4,0
27639,0,9,0
27644,0,0,3
27645,0,0,6
27653,0,0,6
27670,0,0,2
27688,0,0,10
27716,0,0,4
27740,0,0,5
27743,0,0,2
27759,0,8,0
27765,0,0,1
27779,0,5,0
27788,0,0,3
27792,0,0,1
27803,0,5,0
27805,0,0,8
27820,0,0,3
27828,0,0,2
27834,0,4,0
27836,0,0,9
27845,0,2,0
27846,0,0,10
27867,0,0,8
27894,0,2,0
27907,0,3,0
27915,0,9,0
27920,0,8,0
27922,0,0,7
27928,0,4,0
27955,0,0,6
27969,0,3,0
27975,0,0,10
27993,0,0,6
28003,0,7,0
28007,0,0,6
28026,0,10,0
28028,0,0,4
28029,0,10,0
28032,0,0,1
28045,0,0,10
28054,0,10,0
28072,0,0,8
28082,0,0,7
28094,0,6,0
28108,0,0,1
28118,0,0,10
28127,0,2,0
28148,0,0,1
28151,0,9,0
28157,0,0,10
28176,0,0,7
28177,0,3,0
28181,0,0,7
28191,0,4,0
28197,0,1,0
28216,0,0,5
28229,0,0,10
28240,0,0,9
28243,0,8,0
28248,0,5,0
28255,0,0,6
28320,0,0,8
28322,0,7,0
28326,0,5,0
28327,0,9,0
28344,0,4,0
28375,0,6,0
28378,0,3,0
28396,0,0,9
28399,0,10,0
28402,0,0,2
28410,0,0,9
28415,0,0,1
28416,0,8,0
28422,0,7,0
28455,0,10,0
28457,0,9,0
28471,0,1,0
28473,0,0,9
28481,0,0,6
28491,0,0,5
28494,0,7,0
28496,0,0,5
28502,0,5,0
28509,0,4,0
28520,0,0,9
28521,0,8,0
28534,0,0,5
28539,0,10,0
28541,0,9,0
28555,0,0,9
28558,0,0,2
28585,0,2,0
28587,0,8,0
28588,0,0,7
28590,0,10,0
28612,0,0,10
28622,0,5,0
28644,0,0,10
28658,0,4,0
28663,0,1,0
28665,0,0,6
28707,0,0,2
28717,0,0,4
28738,0,6,0
28745,0,0,2
28756,0,0,4
28782,0,0,7
28841,0,0,5
28846,0,0,1
28851,0,0,7
28864,0,2,0
28893,0,0,2
28907,0,0,1
28929,0,8,0
28952,0,0,10
28969,0,0,6
28995,0,0,6
29000,0,1,0
29004,0,10,0
29022,0,6,0
29034,0,0,10
29049,0,0,4
29063,0,0,1
29068,0,0,4
29073,0,4,0
29079,0,0,6
29086,0,1,0
29097,0,0,2
29113,0,2,0
29129,0,9,0
29137,0,3,0
29144,0,8,0
29150,0,0,7
29159,0,0,4
29171,0,1,0
29180,0,0,10
29195,0,0,2
29197,0,0,3
29221,0,4,0
29236,0,0,3
29275,0,0,3
29283,0,0,2
29289,0,0,8
29296,0,0,8
29304,0,6,0
29311,0,8,0
29317,0,7,0
29332,0,0,10
29336,0,0,5
29342,0,0,10
29348,0,0,7
29356,0,0,2
29367,0,8,0
29372,0,0,4
29374,0,0,6
29381,0,10,0
29383,0,0,1
29389,0,2,0
29399,0,3,0
29400,0,0,9
29406,0,0,5
29416,0,0,9
29438,0,5,0
29440,0,8,0
29442,0,3,0
29466,0,0,7
29473,0,0,1
29478,0,2,0
29486,0,4,0
29488,0,2,0
29489,0,0,9
29513,0,4,0
29528,0,0,7
29541,0,2,0
29549,0,0,4
29563,0,10,0
29567,0,0,10
29572,0,0,7
29584,0,6,0
29587,0,7,0
29598,0,0,3
29600,0,0,6
29608,0,0,7
29625,0,5,0
29636,0,2,0
29642,0,7,0
29644,0,9,0
29646,0,0,5
29659,0,0,5
29667,0,8,0
29675,0,10,0
29711,0,6,0
29716,0,0,2
29752,0,8,0
29755,0,6,0
29762,0,0,10
29765,0,0,8
29770,0,4,0
29776,0,10,0
29777,0,8,0
29782,0,3,0
29820,0,5,0
29839,0,0,2
29842,0,0,6
29874,0,0,7
29876,0,0,2
29934,0,0,2
29937,0,0,10
29948,0,9,0
29991,0,4,0
29998,0,0,3
30005,0,0,1
30007,0,8,0
30016,0,0,9
30030,0,3,0
30031,0,7,0
30057,0,0,5
30068,0,4,0
30080,0,0,5
30143,0,3,0
30173,0,2,0
30177,0,0,6
30179,0,6,0
30201,0,0,7
30202,0,6,0
30205,0,5,0
30207,0,1,0
30227,0,4,0
30233,0,0,7
30265,0,10,0
30278,0,3,0
30288,0,6,0
30289,0,10,0
30291,0,0,9
30313,0,2,0
30314,0,0,8
30320,0,0,10
30350,0,9,0
30369,0,2,0
30381,0,0,9
30405,0,9,0
30420,0,1,0
30422,0,10,0
30438,0,0,7
30453,0,7,0
30459,0,0,6
30460,0,0,4
30465,0,0,1
30483,0,0,4
30505,0,2,0
30513,0,0,9
30516,0,0,9
30533,0,7,0
30546,0,5,0
30558,0,0,3
30568,0,0,2
30576,0,0,5
30582,0,8,0
30590,0,9,0
30634,0,7,0
30648,0,0,7
30666,0,3,0
30675,0,0,1
30683,0,0,9
30684,0,0,1
30687,0,0,1
30715,0,5,0
30719,0,1,0
30728,0,0,4
30730,0,1,0
30759,0,0,3
30771,0,0,10
30796,0,5,0
30801,0,1,0
30803,0,0,4
30813,0,0,5
30840,0,2,0
30859,0,0,2
30872,0,5,0
30874,0,9,0
30913,0,0,7
30971,0,0,7
30974,0,0,6
30979,0,0,9
30991,0,4,0
30992,0,0,2
30998,0,0,6
31006,0,0,2
31007,0,5,0
31009,0,0,5
31021,0,8,0
31022,0,7,0
31025,0,7,0
31049,0,8,0
31064,0,7,0
31068,0,0,6
31075,0,0,4
31103,0,7,0
31105,0,9,0
31123,0,0,6
31131,0,5,0
31132,0,2,0
31133,0,0,4
31134,0,4,0
31139,0,10,0
31168,0,0,10
31215,0,0,2
31219,0,5,0
31226,0,8,0
31242,0,0,2
31261,0,0,3
31264,0,9,0
31289,0,7,0
31296,0,6,0
31302,0,9,0
31319,0,10,0
31334,0,0,3
31344,0,10,0
31355,0,0,8
31356,0,8,0
31357,0,3,0
31364,0,7,0
31373,0,10,0
31385,0,0,3
31392,0,3,0
31403,0,1,0
31411,0,10,0
31456,0,0,2
31489,0,5,0
31495,0,3,0
31496,0,0,2
31517,0,0,8
31519,0,0,9
31525,0,0,6
31526,0,0,2
31570,0,2,0
31579,0,5,0
31581,0,7,0
31593,0,0,6
31600,0,0,2
31609,0,0,3
31615,0,10,0
31626,0,10,0
31634,0,10,0
31636,0,5,0
31639,0,7,0
31655,0,0,8
31678,0,0,6
31682,0,0,6
31690,0,1,0
31692,0,0,9
31705,0,10,0
31708,0,0,3
31718,0,0,10
31727,0,0,10
31748,0,6,0
31750,0,9,0
31754,0,3,0
31766,0,3,0
31773,0,0,1
31774,0,0,4
31777,0,0,3
31778,0,0,10
31782,0,7,0
31798,0,9,0
31865,0,0,4
31888,0,0,3
31904,0,8,0
31906,0,0,7
31930,0,0,8
31944,0,5,0
31994,0,10,0
32001,0,0,8
32009,0,4,0
32013,0,10,0
32014,0,7,0
32022,0,6,0
32052,0,8,0
32054,0,10,0
32065,0,0,8
32092,0,0,8
32094,0,6,0
32106,0,1,0
32107,0,0,10
32110,0,0,4
32125,0,4,0
32138,0,0,3
32193,0,3,0
32211,0,4,0
32241,0,0,1
32247,0,0,4
32263,0,0,2
32270,0,9,0
32274,0,6,0
32281,0,1,0
32282,0,2,0
32288,0,2,0
32300,0,0,5
32314,0,4,0
32319,0,3,0
32321,0,4,0
32326,0,8,0
32339,0,6,0
32345,0,8,0
32346,0,0,8
32366,0,0,2
32370,0,7,0
32386,0,10,0
32414,0,3,0
32419,0,0,5
32428,0,1,0
32451,0,9,0
32456,0,0,5
32458,0,0,3
32461,0,3,0
32499,0,0,9
32500,0,9,0
32510,0,8,0
32522,0,0,4
32535,0,7,0
32539,0,5,0
32541,0,8,0
32547,0,9,0
32574,0,7,0
32578,0,0,4
32582,0,10,0
32596,0,0,3
32599,0,0,4
32612,0,8,0
32613,0,0,7
32618,0,1,0
32625,0,0,1
32646,0,0,3
32649,0,0,3
32650,0,2,0
32675,0,0,9
32703,0,0,3
32707,0,3,0
32721,0,5,0
32730,0,6,0
32771,0,0,6
32788,0,4,0
32801,0,0,5
32823,0,0,3
32841,0,9,0
32878,0,0,2
32891,0,9,0
32894,0,0,6
32914,0,6,0
32926,0,8,0
32930,0,2,0
32947,0,0,1
32956,0,0,8
32958,0,0,8
32975,0,8,0
32977,0,9,0
32978,0,0,10
32996,0,0,3
33004,0,5,0
33018,0,5,0
33036,0,0,4
33038,0,0,1
33041,0,0,10
33049,0,4,0
33050,0,4,0
33075,0,2,0
33084,0,7,0
33092,0,7,0
33121,0,2,0
33137,0,9,0
33143,0,0,6
33145,0,9,0
33156,0,0,7
33158,0,1,0
33162,0,8,0
33169,0,0,2
33179,0,6,0
33190,0,0,7
33192,0,0,7
33194,0,0,3
33206,0,1,0
33224,0,0,5
33226,0,10,0
33251,0,4,0
33260,0,8,0
33269,0,8,0
33270,0,5,0
33271,0,0,6
33276,0,0,10
33279,0,0,3
33293,0,1,0
33296,0,1,0
33312,0,0,6
33315,0,10,0
33328,0,8,0
33343,0,0,4
33346,0,6,0
33354,0,3,0
33384,0,3,0
33399,0,0,10
33403,0,9,0
33416,0,0,3
33444,0,1,0
33457,0,0,3
33459,0,0,1
33462,0,0,8
33472,0,0,5
33494,0,3,0
33510,0,0,9
33519,0,0,10
33526,0,8,0
33531,0,0,3
33544,0,5,0
33551,0,7,0
33553,0,4,0
33555,0,0,4
33572,0,0,8
33578,0,8,0
33587,0,10,0
33601,0,0,6
33613,0,5,0
33624,0,7,0
33650,0,10,0
33652,0,2,0
33677,0,0,1
33687,0,0,9
33696,0,6,0
33718,0,9,0
33747,0,3,0
33758,0,0,9
33764,0,10,0
33769,0,7,0
33773,0,10,0
33784,0,0,9
33808,0,5,0
33827,0,3,0
33838,0,0,4
33839,0,0,4
33863,0,0,4
33866,0,0,7
33869,0,6,0
33870,0,0,6
33871,0,10,0
33879,0,8,0
33930,0,0,3
33933,0,10,0
33948,0,1,0
33954,0,2,0
33980,0,0,6
33984,0,0,4
33985,0,0,7
33994,0,0,7
33996,0,0,4
33998,0,0,8
33999,0,9,0
34005,0,0,1
34026,0,8,0
34058,0,0,2
34069,0,3,0
34070,0,0,7
34079,0,0,3
34092,0,0,1
34104,0,0,1
34122,0,0,5
34124,0,6,0
34131,0,0,5
34137,0,4,0
34140,0,0,9
34145,0,10,0
34154,0,0,3
34156,0,1,0
34158,0,5,0
34183,0,2,0
34185,0,5,0
34186,0,4,0
34221,0,0,1
34224,0,0,3
34236,0,1,0
34240,0,1,0
34251,0,2,0
34255,0,0,5
34272,0,0,5
34291,0,0,9
34332,0,9,0
34333,0,0,10
34339,0,0,2
34340,0,0,6
34341,0,1,0
34355,0,6,0
34376,0,10,0
34379,0,0,7
34412,0,0,4
34413,0,0,1
34420,0,0,3
34438,0,0,2
34451,0,4,0
34465,0,9,0
34485,0,5,0
34508,0,0,4
34510,0,9,0
34520,0,0,2
34525,0,0,4
34540,0,6,0
34543,0,0,8
34549,0,0,7
34551,0,4,0
34554,0,0,7
34563,0,3,0
34576,0,1,0
34586,0,0,6
34608,0,2,0
34612,0,0,5
34613,0,0,9
34620,0,4,0
34635,0,0,8
34641,0,4,0
34646,0,0,4
34648,0,0,8
34666,0,9,0
34673,0,0,3
34691,0,7,0
34704,0,10,0
34708,0,0,6
34725,0,0,1
34730,0,10,0
34766,0,0,8
34769,0,0,6
34811,0,1,0
34820,0,9,0
34824,0,0,8
34835,0,0,1
34861,0,9,0
34876,0,0,1
34879,0,0,3
34880,0,6,0
34914,0,6,0
34915,0,0,5
34931,0,5,0
34943,0,0,4
34968,0,7,0
34971,0,3,0
34996,0,0,9
35008,0,1,0
35014,0,1,0
35018,0,9,0
35021,0,6,0
35023,0,0,7
35030,0,0,4
35038,0,0,1
35051,0,2,0
35054,0,1,0
35069,0,0,3
35085,0,0,5
35089,0,0,1
35094,0,0,8
35096,0,7,0
35099,0,3,0
35125,0,0,9
35134,0,0,10
35149,0,5,0
35151,0,9,0
35171,0,0,3
35173,0,6,0
35178,0,0,1
35221,0,7,0
35237,0,9,0
35259,0,0,1
35266,0,5,0
35273,0,8,0
35277,0,0,3
35290,0,0,3
35299,0,0,6
35342,0,0,10
35353,0,4,0
35356,0,0,6
35369,0,0,9
35383,0,7,0
35396,0,0,8
35400,0,7,0
35426,0,5,0
35428,0,8,0
35432,0,0,5
35442,0,5,0
35451,0,0,8
35460,0,6,0
35461,0,5,0
35475,0,0,6
35478,0,0,7
35514,0,7,0
35517,0,10,0
35530,0,6,0
35547,0,3,0
35554,0,7,0
35580,0,0,5
35601,0,0,2
35604,0,2,0
35610,0,0,1
35614,0,3,0
35645,0,0,8
35661,0,0,4
35663,0,0,7
35671,0,10,0
35672,0,3,0
35694,0,8,0
35717,0,8,0
35718,0,0,9
35719,0,2,0
35738,0,10,0
35743,0,0,4
35766,0,7,0
35773,0,5,0
35779,0,0,6
35781,0,0,4
35800,0,4,0
35808,0,0,4
35812,0,0,4
35836,0,6,0
35843,0,0,2
35874,0,3,0
35881,0,7,0
35885,0,5,0
35891,0,0,3
35894,0,0,1
35899,0,2,0
35900,0,0,10
35909,0,8,0
35958,0,0,3
35967,0,4,0
35976,0,9,0
35977,0,10,0
35995,0,0,8
36006,0,6,0
36027,0,0,1
36029,0,1,0
36031,0,8,0
36042,0,10,0
36043,0,8,0
36055,0,0,1
36076,0,0,5
36077,0,0,8
36088,0,1,0
36107,0,0,1
36114,0,7,0
36116,0,7,0
36129,0,0,1
36131,0,4,0
36147,0,0,6
36162,0,5,0
36167,0,0,8
36181,0,9,0
36212,0,4,0
36219,0,6,0
36224,0,0,1
36226,0,0,5
36232,0,3,0
36244,0,0,8
36248,0,2,0
36289,0,0,9
36296,0,2,0
36299,0,0,3
36312,0,0,8
36324,0,0,3
36331,0,8,0
36343,0,0,7
36345,0,0,6
36347,0,0,6
36353,0,0,2
36354,0,0,10
36365,0,1,0
36383,0,7,0
36384,0,0,7
36455,0,0,10
36458,0,5,0
36467,0,0,3
36472,0,9,0
36474,0,0,3
36480,0,0,10
36483,0,9,0
36492,0,5,0
36536,0,9,0
36548,0,4,0
36591,0,6,0
36618,0,8,0
36620,0,0,9
36626,0,0,10
36631,0,6,0
36670,0,0,9
36679,0,7,0
36700,0,0,5
36703,0,7,0
36712,0,0,9
36732,0,0,7
36746,0,0,3
36751,0,0,8
36754,0,0,4
36759,0,5,0
36764,0,0,1
36767,0,8,0
36774,0,1,0
36775,0,3,0
36776,0,2,0
36778,0,7,0
36782,0,0,9
36794,0,0,5
36801,0,0,4
36810,0,0,10
36814,0,7,0
36827,0,0,7
36859,0,0,7
36866,0,0,5
36868,0,2,0
36874,0,3,0
36876,0,0,9
36880,0,0,10
36881,0,0,2
36883,0,0,2
36886,0,4,0
36889,0,0,3
36909,0,0,9
36912,0,5,0
36921,0,0,8
36922,0,2,0
36938,0,7,0
36941,0,0,1
36947,0,5,0
36965,0,1,0
36966,0,10,0
36977,0,0,8
36989,0,5,0
36996,0,7,0
36998,0,0,10
36999,0,4,0
37005,0,10,0
37006,0,8,0
37018,0,0,5
37019,0,6,0
37037,0,0,2
37055,0,2,0
37077,0,7,0
37091,0,10,0
37125,0,0,8
37127,0,0,9
37136,0,0,6
37156,0,3,0
37161,0,0,3
37221,0,0,6
37240,0,0,2
37243,0,8,0
37268,0,0,4
37273,0,0,7
37277,0,0,1
37286,0,4,0
37318,0,4,0
37319,0,0,1
37347,0,0,4
37348,0,6,0
37350,0,3,0
37382,0,2,0
37389,0,0,4
37409,0,0,2
37421,0,0,2
37424,0,4,0
37426,0,7,0
37457,0,0,10
37471,0,0,8
37479,0,0,10
37482,0,0,6
37483,0,4,0
37495,0,2,0
37501,0,3,0
37548,0,0,2
37559,0,7,0
37578,0,0,2
37585,0,0,5
37593,0,0,7
37594,0,0,6
37610,0,0,6
37621,0,0,8
37623,0,0,3
37629,0,0,8
37633,0,3,0
37636,0,0,2
37637,0,7,0
37647,0,5,0
37665,0,8,0
37671,0,0,2
37703,0,0,2
37705,0,0,6
37708,0,4,0
37726,0,0,1
37735,0,0,1
37757,0,0,9
37772,0,0,1
37774,0,0,6
37782,0,2,0
37787,0,5,0
37808,0,1,0
37809,0,0,3
37818,0,7,0
37839,0,4,0
37843,0,0,9
37845,0,8,0
37852,0,1,0
37855,0,8,0
37872,0,0,3
37878,0,0,10
37879,0,0,5
37891,0,2,0
37896,0,0,8
37912,0,0,1
37933,0,6,0
37945,0,8,0
37963,0,0,5
37974,0,0,9
37995,0,0,9
37997,0,0,9
38022,0,0,8
38025,0,0,3
38038,0,0,10
38055,0,7,0
38059,0,5,0
38067,0,6,0
38068,0,3,0
38079,0,0,7
38085,0,0,6
38088,0,2,0
38093,0,0,10
38095,0,0,8
38097,0,4,0
38099,0,0,1
38102,0,0,9
38119,0,0,7
38121,0,4,0
38137,0,0,1
38143,0,0,7
38152,0,3,0
38172,0,0,8
38177,0,2,0
38184,0,9,0
38191,0,0,7
38214,0,0,9
38216,0,0,1
38222,0,9,0
38245,0,1,0
38253,0,10,0
38260,0,1,0
38272,0,9,0
38282,0,6,0
38292,0,9,0
38294,0,0,9
38314,0,7,0
38326,0,0,10
38343,0,0,2
38362,0,0,7
38375,0,0,8
38379,0,0,2
38380,0,8,0
38402,0,1,0
38403,0,0,6
38406,0,0,2
38412,0,6,0
38418,0,3,0
38442,0,1,0
38444,0,0,10
38452,0,0,6
38453,0,2,0
38473,0,9,0
38484,0,0,3
38489,0,0,8
38494,0,0,4
38502,0,8,0
38520,0,0,10
38530,0,2,0
38535,0,2,0
38551,0,0,2
38567,0,3,0
38580,0,0,1
38584,0,0,5
38596,0,6,0
38600,0,0,7
38610,0,6,0
38625,0,7,0
38626,0,1,0
38650,0,2,0
38673,0,9,0
38678,0,0,8
38679,0,0,1
38716,0,1,0
38722,0,0,10
38729,0,0,6
38737,0,0,8
38750,0,0,5
38754,0,2,0
38756,0,5,0
38759,0,3,0
38760,0,10,0
38776,0,0,10
38779,0,9,0
38780,0,8,0
38817,0,0,1
38830,0,8,0
38851,0,0,8
38854,0,0,6
38867,0,1,0
38872,0,0,10
38874,0,1,0
38881,0,0,2
38906,0,3,0
38907,0,7,0
38934,0,0,3
38942,0,3,0
38944,0,3,0
38959,0,9,0
38963,0,0,10
38970,0,8,0
38973,0,2,0
38978,0,4,0
38994,0,8,0
38995,0,2,0
38996,0,0,4
39016,0,1,0
39020,0,0,5
39029,0,6,0
39037,0,10,0
39043,0,0,5
39046,0,7,0
39048,0,9,0
39057,0,7,0
39060,0,0,6
39073,0,0,6
39091,0,3,0
39097,0,8,0
39106,0,10,0
39117,0,0,9
39127,0,8,0
39131,0,0,10
39144,0,2,0
39156,0,0,4
39188,0,1,0
39191,0,2,0
39211,0,1,0
39213,0,6,0
39227,0,2,0
39254,0,5,0
39255,0,0,1
39261,0,0,1
39262,0,6,0
39264,0,3,0
39265,0,1,0
39268,0,0,7
39275,0,0,8
39292,0,0,6
39297,0,2,0
39308,0,5,0
39324,0,4,0
39331,0,9,0
39334,0,0,3
39351,0,9,0
39356,0,4,0
39385,0,7,0
39400,0,8,0
39403,0,0,2
39407,0,0,7
39417,0,0,7
39418,0,0,6
39439,0,0,6
39460,0,1,0
39478,0,3,0
39515,0,5,0
39516,0,3,0
39519,0,8,0
39520,0,0,7
39523,0,0,3
39527,0,0,7
39547,0,4,0
39566,0,9,0
39569,0,10,0
39574,0,6,0
39576,0,1,0
39579,0,0,9
39598,0,0,1
39615,0,0,3
39624,0,0,4
39626,0,0,2
39657,0,2,0
39667,0,0,1
39669,0,0,1
39684,0,10,0
39685,0,6,0
39713,0,5,0
39733,0,8,0
39744,0,0,5
39751,0,0,7
39766,0,0,7
39783,0,0,5
39791,0,7,0
39792,0,0,7
39806,0,0,6
39810,0,6,0
39814,0,3,0
39815,0,9,0
39820,0,0,1
39831,0,1,0
39834,0,0,8
39846,0,0,3
39861,0,5,0
39900,0,0,4
39910,0,0,10
39912,0,2,0
39917,0,1,0
39918,0,0,5
39923,0,8,0
39927,0,0,7
39937,0,1,0
39951,0,0,10
39959,0,1,0
39976,0,7,0
39977,0,1,0
39986,0,5,0
39990,0,0,2
40012,0,0,5
40040,0,0,4
40083,0,0,9
40100,0,0,2
40136,0,0,9
40161,0,0,3
40173,0,0,1
40191,0,1,0
40196,0,0,7
40216,0,0,10
40253,0,0,1
40259,0,0,7
40278,0,5,0
40296,0,7,0
40320,0,2,0
40342,0,0,5
40365,0,0,10
40373,0,6,0
40388,0,2,0
40391,0,0,10
40396,0,9,0
40400,0,0,4
40448,0,8,0
40449,0,6,0
40461,0,8,0
40477,0,0,7
40505,0,0,4
40507,0,10,0
40514,0,7,0
40519,0,9,0
40542,0,0,8
40555,0,0,4
40557,0,5,0
40559,0,0,9
40572,0,8,0
40577,0,0,1
40587,0,0,3
40589,0,0,10
40604,0,0,7
40612,0,5,0
40614,0,3,0
40618,0,5,0
40668,0,0,2
40681,0,6,0
40696,0,0,7
40699,0,6,0
40713,0,0,8
40719,0,9,0
40723,0,0,6
40750,0,10,0
40762,0,0,7
40769,0,5,0
40778,0,9,0
40818,0,9,0
40826,0,0,4
40839,0,0,9
40850,0,4,0
40851,0,0,3
40858,0,3,0
40863,0,0,6
40867,0,8,0
40869,0,9,0
40872,0,6,0
40874,0,6,0
40878,0,5,0
40879,0,1,0
40884,0,0,2
40901,0,4,0
40902,0,0,7
40916,0,0,8
40922,0,1,0
40940,0,0,7
40947,0,0,8
40949,0,0,2
40956,0,0,4
40967,0,0,10
40982,0,0,3
40985,0,7,0
40996,0,10,0
41012,0,10,0
41013,0,0,9
41016,0,10,0
41045,0,0,4
41086,0,0,2
41091,0,0,1
41107,0,9,0
41183,0,0,3
41188,0,0,5
41216,0,7,0
41219,0,8,0
41223,0,5,0
41249,0,0,5
41269,0,9,0
41271,0,4,0
41273,0,0,10
41291,0,0,7
41297,0,7,0
41307,0,0,1
41333,0,0,10
41334,0,5,0
41337,0,0,7
41358,0,0,5
41359,0,0,8
41365,0,0,1
41385,0,0,7
41394,0,3,0
41416,0,0,8
41418,0,8,0
41425,0,9,0
41427,0,5,0
41431,0,0,8
41435,0,5,0
41441,0,0,9
41450,0,0,1
41491,0,0,3
41498,0,0,7
41524,0,3,0
41526,0,0,10
41530,0,8,0
41536,0,0,2
41538,0,0,4
41539,0,0,5
41543,0,4,0
41557,0,0,10
41567,0,5,0
41568,0,0,6
41579,0,0,6
41581,0,8,0
41592,0,0,10
41601,0,0,10
41606,0,5,0
41612,0,0,1
41613,0,0,7
41616,0,0,8
41620,0,0,2
41629,0,2,0
41643,0,0,7
41644,0,2,0
41649,0,9,0
41652,0,1,0
41655,0,0,5
41662,0,1,0
41674,0,0,8
41723,0,0,3
41726,0,0,1
41728,0,9,0
41734,0,2,0
41743,0,1,0
41752,0,4,0
41767,0,8,0
41808,0,0,2
41810,0,0,2
41830,0,0,6
41835,0,7,0
41838,0,2,0
41848,0,0,8
41876,0,7,0
41878,0,5,0
41899,0,0,9
41916,0,0,3
41922,0,4,0
41926,0,0,9
41948,0,0,5
41967,0,0,9
41971,0,3,0
41978,0,4,0
42016,0,0,6
42019,0,0,1
42029,0,10,0
42039,0,3,0
42042,0,0,7
42044,0,8,0
42087,0,0,9
42113,0,0,9
42114,0,5,0
42119,0,0,2
42130,0,0,3
42135,0,7,0
42145,0,0,4
42152,0,0,4
42158,0,0,5
42177,0,0,3
42238,0,5,0
42242,0,5,0
42250,0,9,0
42265,0,6,0
42268,0,0,7
42277,0,0,4
42285,0,0,9
42287,0,10,0
42292,0,0,1
42294,0,0,7
42302,0,0,10
42304,0,2,0
42315,0,1,0
42320,0,0,8
42353,0,0,3
42357,0,0,7
42364,0,7,0
42366,0,0,9
42370,0,4,0
42372,0,0,2
42379,0,0,4
42390,0,9,0
42402,0,0,1
42444,0,7,0
42479,0,0,3
42494,0,3,0
42497,0,4,0
42502,0,1,0
42521,0,0,2
42527,0,0,5
42528,0,0,9
42529,0,0,8
42538,0,0,5
42542,0,7,0
42547,0,0,9
42549,0,0,5
42550,0,3,0
42563,0,3,0
42584,0,0,10
42590,0,0,9
42597,0,0,6
42611,0,2,0
42618,0,0,7
42623,0,0,7
42633,0,0,5
42644,0,0,6
42647,0,0,1
42649,0,0,2
42662,0,0,1
42677,0,0,4
42685,0,9,0
42696,0,0,5
42703,0,0,8
42724,0,0,5
42741,0,0,9
42743,0,0,3
42749,0,0,2
42756,0,0,10
42767,0,0,6
42792,0,5,0
42793,0,6,0
42824,0,3,0
42825,0,2,0
42843,0,3,0
42847,0,8,0
42848,0,0,9
42870,0,4,0
42882,0,0,3
42911,0,0,9
42926,0,5,0
42943,0,4,0
42964,0,6,0
42966,0,0,1
42985,0,6,0
43008,0,5,0
43015,0,0,10
43025,0,9,0
43042,0,3,0
43044,0,0,8
43057,0,0,6
43059,0,5,0
43060,0,0,6
43066,0,8,0
43077,0,6,0
43079,0,3,0
43094,0,3,0
43097,0,0,6
43119,0,0,4
43126,0,0,6
43134,0,0,3
43139,0,7,0
43162,0,0,2
43180,0,0,9
43200,0,9,0
43210,0,3,0
43216,0,1,0
43221,0,0,5
43225,0,0,2
43239,0,4,0
43241,0,0,2
43244,0,0,2
43247,0,2,0
43255,0,10,0
43259,0,0,8
43262,0,5,0
43274,0,9,0
43284,0,0,3
43288,0,5,0
43291,0,4,0
43305,0,9,0
43323,0,0,3
43328,0,0,2
43342,0,0,2
43344,0,0,5
43352,0,0,6
43357,0,9,0
43382,0,0,4
43390,0,0,7
43397,0,0,5
43399,0,7,0
43403,0,0,8
43413,0,5,0
43420,0,4,0
43436,0,0,4
43444,0,5,0
43454,0,0,6
43462,0,0,2
43472,0,2,0
43487,0,5,0
43518,0,1,0
43519,0,0,10
43526,0,0,8
43556,0,7,0
43563,0,3,0
43570,0,5,0
43596,0,0,9
43610,0,0,9
43633,0,4,0
43644,0,0,2
43660,0,6,0
43661,0,0,7
43677,0,0,2
43698,0,0,10
43707,0,4,0
43716,0,0,5
43717,0,0,3
43718,0,0,4
43719,0,3,0
43769,0,3,0
43798,0,0,9
43802,0,8,0
43803,0,3,0
43804,0,0,9
43808,0,0,2
43828,0,0,9
43837,0,0,8
43856,0,0,5
43863,0,0,10
43867,0,1,0
43873,0,0,8
43890,0,0,1
43907,0,0,7
43909,0,3,0
43915,0,7,0
43933,0,0,6
43944,0,6,0
43945,0,7,0
43965,0,0,2
43978,0,0,10
43987,0,8,0
43990,0,10,0
44000,0,10,0
44011,0,10,0
44017,0,4,0
44021,0,9,0
44026,0,0,5
44032,0,0,6
44039,0,3,0
44052,0,8,0
44075,0,7,0
44099,0,0,5
44113,0,2,0
44120,0,0,2
44136,0,0,9
44141,0,0,8
44148,0,1,0
44154,0,6,0
44157,0,0,4
44158,0,0,9
44199,0,2,0
44200,0,10,0
44203,0,0,2
44211,0,2,0
44213,0,0,4
44221,0,0,2
44225,0,6,0
44230,0,0,2
44235,0,5,0
44237,0,0,2
44252,0,8,0
44266,0,0,9
44279,0,0,3
44281,0,0,3
44282,0,10,0
44297,0,0,5
44308,0,5,0
44324,0,0,5
44326,0,0,10
44329,0,0,7
44362,0,7,0
44375,0,9,0
44384,0,0,1
44395,0,0,4
44399,0,6,0
44409,0,0,9
44414,0,0,2
44425,0,4,0
44440,0,2,0
44460,0,0,10
44481,0,0,1
44486,0,7,0
44490,0,0,1
44495,0,8,0
44498,0,8,0
44505,0,0,7
44520,0,0,8
44521,0,0,10
44526,0,2,0
44528,0,0,1
44531,0,3,0
44550,0,4,0
44583,0,0,1
44584,0,6,0
44593,0,3,0
44606,0,5,0
44629,0,8,0
44630,0,0,9
44638,0,0,9
44654,0,0,7
44659,0,0,3
44668,0,0,9
44669,0,8,0
44670,0,5,0
44677,0,0,2
44682,0,6,0
44705,0,8,0
44706,0,0,10
44710,0,0,4
44740,0,0,1
44775,0,0,1
44776,0,0,10
44799,0,0,9
44847,0,0,8
44856,0,0,4
44866,0,2,0
44867,0,0,7
44894,0,0,5
44908,0,0,2
44916,0,9,0
44948,0,0,5
44964,0,4,0
44974,0,0,1
44984,0,8,0
44987,0,0,4
44989,0,8,0
44995,0,0,9
44998,0,0,5
45005,0,0,1
45022,0,0,6
45029,0,0,10
45041,0,9,0
45055,0,0,9
45063,0,0,6
45072,0,0,5
45084,0,0,6
45117,0,8,0
45137,0,9,0
45138,0,8,0
45162,0,0,3
45163,0,8,0
45164,0,0,7
45167,0,0,10
45175,0,0,3
45205,0,3,0
45209,0,0,7
45211,0,8,0
45218,0,0,4
45241,0,0,10
45264,0,0,7
45265,0,0,5
45266,0,0,4
45268,0,0,9
45280,0,7,0
45347,0,0,9
45349,0,0,2
45357,0,7,0
45374,0,0,10
45379,0,6,0
45389,0,7,0
45407,0,2,0
45409,0,0,4
45433,0,3,0
45438,0,6,0
45458,0,1,0
45467,0,9,0
45480,0,8,0
45518,0,0,8
45519,0,0,4
45528,0,0,2
45537,0,0,3
45540,0,0,6
45569,0,6,0
45573,0,0,2
45576,0,0,6
45601,0,6,0
45602,0,5,0
45604,0,0,10
45628,0,2,0
45631,0,3,0
45650,0,0,3
45655,0,0,10
45677,0,0,2
45684,0,0,8
45689,0,7,0
45693,0,0,1
45698,0,0,2
45711,0,0,1
45716,0,0,3
45718,0,6,0
45728,0,0,4
45731,0,0,3
45738,0,2,0
45755,0,5,0
45789,0,8,0
45813,0,2,0
45822,0,0,10
45844,0,5,0
45888,0,7,0
45900,0,0,7
45901,0,0,10
45923,0,2,0
45937,0,0,5
45948,0,8,0
45960,0,0,8
45994,0,0,9
46005,0,9,0
46008,0,0,2
46012,0,8,0
46020,0,8,0
46031,0,9,0
46034,0,1,0
46040,0,8,0
46045,0,0,8
46046,0,9,0
46050,0,0,4
46059,0,2,0
46072,0,3,0
46078,0,0,2
46085,0,6,0
46086,0,9,0
46111,0,4,0
46122,0,4,0
46130,0,0,6
46137,0,7,0
46139,0,3,0
46146,0,0,6
46160,0,0,7
46174,0,9,0
46197,0,0,10
46234,0,0,3
46238,0,2,0
46240,0,0,5
46245,0,0,2
46252,0,0,8
46271,0,0,10
46284,0,4,0
46339,0,0,6
46342,0,0,6
46344,0,0,7
46348,0,0,10
46365,0,0,4
46370,0,0,8
46377,0,10,0
46388,0,0,2
46403,0,9,0
46408,0,6,0
46427,0,3,0
46440,0,0,4
46459,0,0,10
46463,0,0,2
46466,0,0,2
46475,0,2,0
46478,0,0,7
46482,0,0,8
46490,0,5,0
46494,0,0,10
46515,0,9,0
46516,0,5,0
46535,0,0,7
46539,0,0,3
46550,0,0,3
46559,0,0,6
46563,0,0,3
46564,0,0,10
46568,0,2,0
46578,0,10,0
46589,0,4,0
46594,0,2,0
46598,0,0,8
46632,0,10,0
46677,0,1,0
46707,0,0,8
46727,0,1,0
46731,0,0,7
46732,0,3,0
46737,0,0,4
46745,0,10,0
46759,0,10,0
46765,0,9,0
46767,0,0,7
46768,0,0,10
46799,0,3,0
46827,0,0,5
46834,0,6,0
46842,0,0,1
46856,0,4,0
46871,0,0,7
46874,0,0,6
46891,0,6,0
46900,0,10,0
46903,0,8,0
46923,0,4,0
46928,0,0,3
46935,0,0,2
46956,0,3,0
46971,0,0,8
46978,0,0,5
46979,0,0,6
46981,0,10,0
46985,0,0,8
46998,0,10,0
47004,0,0,1
47014,0,9,0
47017,0,0,1
47035,0,6,0
47036,0,0,4
47045,0,0,3
47046,0,0,10
47052,0,10,0
47056,0,3,0
47063,0,2,0
47066,0,0,5
47093,0,4,0
47095,0,0,9
47097,0,0,7
47106,0,2,0
47111,0,0,10
47131,0,0,9
47146,0,10,0
47152,0,9,0
47171,0,0,4
47186,0,0,2
47222,0,5,0
47223,0,0,2
47228,0,0,4
47232,0,8,0
47239,0,10,0
47245,0,0,7
47276,0,0,8
47301,0,6,0
47302,0,0,8
47310,0,0,9
47314,0,5,0
47318,0,0,5
47348,0,0,9
47349,0,10,0
47352,0,0,7
47366,0,0,1
47402,0,4,0
47423,0,1,0
47430,0,0,5
47449,0,0,4
47475,0,0,7
47483,0,0,4
47496,0,1,0
47506,0,0,5
47511,0,0,4
47521,0,0,2
47527,0,0,5
47534,0,0,9
47539,0,0,2
47542,0,0,5
47551,0,8,0
47557,0,0,5
47567,0,0,4
47574,0,0,9
47577,0,0,8
47606,0,9,0
47629,0,8,0
47642,0,0,4
47649,0,1,0
47657,0,4,0
47680,0,5,0
47684,0,0,4
47686,0,4,0
47699,0,0,4
47703,0,0,10
47717,0,1,0
47718,0,2,0
47725,0,0,5
47748,0,5,0
47760,0,10,0
47766,0,0,4
47771,0,0,6
47782,0,0,2
47783,0,9,0
47794,0,0,3
47797,0,0,7
47813,0,9,0
47826,0,0,4
47827,0,1,0
47849,0,1,0
47879,0,9,0
47889,0,7,0
47903,0,0,10
47910,0,7,0
47919,0,7,0
47925,0,0,4
47936,0,6,0
47944,0,0,3
47986,0,1,0
47998,0,0,1
48010,0,8,0
48032,0,10,0
48033,0,0,7
48036,0,9,0
48041,0,0,5
48052,0,0,9
48058,0,5,0
48067,0,0,2
48074,0,0,2
48076,0,0,8
48095,0,0,1
48104,0,9,0
48108,0,4,0
48119,0,1,0
48127,0,5,0
48130,0,2,0
48138,0,10,0
48148,0,0,4
48168,0,0,1
48182,0,0,4
48186,0,0,5
48188,0,4,0
48198,0,8,0
48200,0,2,0
48226,0,0,5
48233,0,5,0
48239,0,0,9
48247,0,0,2
48255,0,7,0
48271,0,0,8
48284,0,0,1
48296,0,0,5
48304,0,3,0
48313,0,0,9
48317,0,0,3
48327,0,0,3
48335,0,9,0
48349,0,0,4
48356,0,6,0
48366,0,0,6
48371,0,0,4
48376,0,8,0
48379,0,3,0
48392,0,8,0
48404,0,0,4
48405,0,0,2
48413,0,0,7
48420,0,0,9
48436,0,0,10
48448,0,5,0
48453,0,6,0
48463,0,0,8
48465,0,1,0
48473,0,0,3
48476,0,1,0
48483,0,9,0
48492,0,2,0
48504,0,5,0
48524,0,0,10
48559,0,0,8
48583,0,0,5
48587,0,7,0
48623,0,0,2
48630,0,0,9
48633,0,0,7
48655,0,10,0
48686,0,5,0
48698,0,0,6
48707,0,2,0
48723,0,9,0
48745,0,0,1
48768,0,3,0
48792,0,0,10
48794,0,0,7
48815,0,10,0
48830,0,0,7
48841,0,0,2
48845,0,7,0
48848,0,0,2
48866,0,8,0
48867,0,6,0
48868,0,8,0
48871,0,0,6
48877,0,0,7
48882,0,0,1
48955,0,0,10
48967,0,9,0
48975,0,3,0
48987,0,0,10
48992,0,0,5
49009,0,1,0
49022,0,0,10
49023,0,0,4
49024,0,1,0
49032,0,0,6
49046,0,10,0
49053,0,10,0
49055,0,8,0
49059,0,0,10
49098,0,0,8
49103,0,5,0
49112,0,4,0
49119,0,0,5
49148,0,7,0
49153,0,0,10
49159,0,0,5
49166,0,0,3
49189,0,0,4
49194,0,0,1
49212,0,8,0
49213,0,1,0
49240,0,0,8
49249,0,0,9
49281,0,1,0
49282,0,0,3
49302,0,0,6
49317,0,0,10
49319,0,2,0
49340,0,1,0
49347,0,5,0
49349,0,6,0
49360,0,5,0
49362,0,5,0
49365,0,3,0
49367,0,4,0
49370,0,2,0
49375,0,4,0
49392,0,0,10
49405,0,1,0
49412,0,3,0
49419,0,3,0
49439,0,0,8
49445,0,8,0
49460,0,10,0
49475,0,0,6
49504,0,0,5
49520,0,0,2
49531,0,0,1
49543,0,9,0
49562,0,0,7
49564,0,0,1
49565,0,5,0
49592,0,0,1
49598,0,0,7
49601,0,0,7
49603,0,0,3
49611,0,1,0
49613,0,0,10
49618,0,8,0
49619,0,3,0
49620,0,0,2
49634,0,0,8
49638,0,0,1
49643,0,10,0
49657,0,5,0
49659,0,0,6
49689,0,5,0
49697,0,6,0
49706,0,0,8
49711,0,0,3
49730,0,0,7
49731,0,3,0
49732,0,3,0
49737,0,4,0
49748,0,5,0
49760,0,6,0
49763,0,9,0
49764,0,0,8
49778,0,3,0
49782,0,0,6
49783,0,1,0
49799,0,0,4
49830,0,0,5
49831,0,2,0
49836,0,0,3
49870,0,3,0
49875,0,0,9
49878,0,0,4
49889,0,7,0
49893,0,10,0
49910,0,0,3
49916,0,0,5
49923,0,7,0
49939,0,0,5
49954,0,0,5
49956,0,0,6
49971,0,10,0
49976,0,0,1
49983,0,1,0
49985,0,0,5
49986,0,0,3
49994,0,10,0
